{
  "nodes": {
    "0": [
      0.0
    ],
    "3": [
      0.9999999999999999
    ],
    "2": [
      2.00000000000011
    ],
    "1": [
      3.0
    ]
  },
  "elements": {
    "voltage_source.0": [
      0.9999999999998899
    ],
    "resistor.3": [
      1.0000000000001101
    ],
    "resistor.1": [
      0.49999999999994493
    ],
    "resistor.4": [
      0.9999999999999999
    ],
    "resistor.2": [
      0.49999999999994493
    ]
  }
}